<?xml version="1.0" encoding="UTF-8"?>
<Configuration status="INFO" packages="activitystreamer">
    <Appenders>
        <Console name="Console" target="SYSTEM_OUT">
            <PatternLayout pattern="%d{yyyy-MM-dd HH:mm:ss} [%t] %-5level %logger{36} - %msg%n" />
        </Console>

        <UILogAppender name="uiAppender">
            <PatternLayout>
                <pattern>%d{yyyy-MM-dd HH:mm:ss} [%t] %-5level %logger{36} - %msg%n</pattern>
            </PatternLayout>
        </UILogAppender>
    </Appenders>
    <Loggers>
        <Logger name="serverLogger" level="debug" additivity="false">
            <appender-ref ref="Console" level="debug"/>
            <appender-ref ref="uiAppender" level="info"/>
        </Logger>
        <Logger name="clientLogger" level="debug" additivity="false">
            <appender-ref ref="Console" level="debug"/>
        </Logger>
        <Root level="debug">
            <AppenderRef ref="Console" />
        </Root>
    </Loggers>
</Configuration>